name	description	season	episode	source
Canción triste para un asteriode	Spike Spiegel y Jet Black, tripulantes del Bebop van a la caza de un traficante de drogas por el que pagan una recompensa de 2,5 millones de urones (la moneda única internacional). Este traficante es Asimov, quien se ha robado todo el Bloody Eye de la banda a la cual pertenecía y por la cual lo persiguen, con el objeto de venderla e irse a vivir en Marte con su novia Katarina. 	1	1	https://www.blogger.com/video.g?token=AD6v5dw9nPEW5h_VwwD9IF-601-DbZV8DiXAkrOTdyzR400VB2ujkBr6sS5y9qqhT_QBbsk1TxysIJPRq3aIfwBPrba7yYFXISbcYquGM79prPNCz4dEe1M2pBJOlSAPzyQdA3Xnb0OF
Strut, perro callejero	Abdul Hakim, un hombre con una recompensa de 8 millones de urones, roba una maleta de un centro de investigaciones con un contenido que le hará rico. Cuando saben de su recompensa, Spike y Jet van tras su pista. Pero no son los únicos. El equipo del centro de investigaciones hará lo mismo para apoderarse del contenido de dicha maleta, que acabará siendo parte de la tripulación del Bebop. 	1	2	https://www.blogger.com/video.g?token=AD6v5dxLG4jh4OZ1NJGEcf93_Y45QqX8ftQJ_DH9pU4BsmbORexr4v1tEl2yNl6LtfU-c-9b_oOYuYGSMBMObEgGSyGvQmeA-Q66Jyg9J4wqJUAIp9jql62eeZyQr8Zz1uk-x0D2_e4
La jugadora	Aparece Faye Valentine, jugadora y cazarrecompensas que aprovecha cualquier ocasión para ganar dinero, aunque también está en busca y captura por sus grandes deudas de juego. Su destino se cruza con el de los tripulantes del Bebop, debido a que roba una ficha de casino con una clave de cifrado muy extraña y codiciada en el mercado negro. 	1	3	https://www.blogger.com/video.g?token=AD6v5dzr9ph4OhRisi6LBD7luKuUyulWBgxK7Hr85kZogb9hlwFrKESb8vXD066B7kRbgvE6SloXjlhvRBAtcCAoOY56tj7pwQKUs14dxmJNVRZB4381cIrQs0hSwBaL5f36_YS8Rnxj
Puerta de escape	Seguimos con Faye Valentine, quien se ha quedado atrapada en el espacio sin combustible. Por desgracia, los primeros que la encuentran son los del Bebop, quienes han perdido su recompensa por la intromisión de una banda terrorista ecologista: los Guerreros del Espacio, fanáticos protectores del ratón marino de Ganímedes y poseedores de un arma secreta. 	1	4	https://www.blogger.com/video.g?token=AD6v5dwM-t6zZWobxp1UQOJCjgI92wf2Y_7t5gyVmF5iHJxE5LoZn0C3n-Y2msA--kadZo4kDocYZtqeAiKtyEWNsCFNYcTVQEX2T8dEO8RUPt2abLmNJ7wAvWSTBxwZ9rKxWabAdNW_
La balada de los ángeles caídos	Primer episodio donde se conoce algo del pasado de Spike. Uno de los líderes de la organización Dragón Rojo ha sido asesinado. Vicius, antiguo miembro de la misma organización, es el causante. Nada más ver las noticias, Spike se va de la nave de Jet a arreglar sus asuntos sin decirle lo que ocurre. Faye por su parte, que ya forma parte de la tripulación del Bebop, decide investigar por su cuenta y riesgo. ¿Quién es el misterioso Vicius y qué vínculo tiene con Spike? 	1	5	https://www.blogger.com/video.g?token=AD6v5dwf1ss6cWZlg_1VV7OnOrpc9KzZLeNEf2B0u6pX9Usvrh-7XoM6qmMKkPC0tREZ0g0258wLqhGI2R_UFOwVTEKUAe2noHOApacH_-UaSQxVFmcLfq0_9NNzhptcb3BYnQcIbPV2
Simpatía por el Diablo	Siguiendo una presa en un pub de jazz, Spike se encuentra con una extraña historia. Un viejo inválido en silla de ruedas, un niño prodigioso tocando la armónica y la presa, Giraffe, le da un extraño anillo antes de morir. ¿Qué significa esto? ¿Y por qué la conversación que Spike escucha entre ellos no parece tener que ver con la realidad? 	1	6	https://www.blogger.com/video.g?token=AD6v5dxuJD3crb6_-N4o9Cl-m4Txi2Y24xY3OE0e3L9911lN9oda69jyfIQ7I4nUgj1BB6AQKdcAutRyv97KRFAs7I83yOA3rAtoPaeRZYGJuBr-VJnd8zz4Wj5M8leY_L4E1btiOcg
La reina del Heavy Metal	Siempre siguiendo una pista, los tripulantes de la Bebop buscan una presa, pero esta vez solo saben que tiene el tatuaje de un dragón. Sus pesquisas les llevan a conocer a V. T., una «camionera» espacial apodada la Reina del Heavy Metal. 	1	7	https://www.blogger.com/video.g?token=AD6v5dx5l7hrYL6wBCFEmIEv9VmxcAb2VFsC-_whbZ0Ekgn4uMpkjBT5kNUvSJz8IiYx695gkYTkYGBn6DapDMatecJF5q-JT_-kT7IrFM0P1MfJvy4gp3u7ATtLW2-uzpJ-w-2z-3w
El vals de Venus	Spike y Faye evitan un secuestro dentro de un avión para cobrar la recompensa por los secuestradores. Pero después de ver en acción a Spike, un niño llamado Rocko, portador de una extraña planta, decide tenerlo como maestro y quiere que le enseñe artes marciales. 	1	8	https://www.blogger.com/video.g?token=AD6v5dxoTB4ul2_e0avLrD5wONvSw3R07OyHCT2GTLWWardc7K_E7MZ0Mir39GaGHBHTvE_ulR6LKGxapdRUUBUBtWFzTMZJ8YCgqR4nAzheKD1sML7v9VOHnI2hvTMd5ZG8e-c6R_M
Interferencias de Edo	Aparece Ed. Una serie de extraños dibujos sobre la superficie de la Tierra, que son idénticas a las Líneas de Nazca, hacen que el gobierno ponga una recompensa por quien los haya hecho y sospechan de un famoso hacker que vive en ese planeta: Ed. Por supuesto los tripulantes del Bebop van tras su pista. 	1	9	https://www.blogger.com/video.g?token=AD6v5dxP5cqZ7dNh1mCQlz-DAKBuz2ViH1VhmxAO2eI6hyHnIUMmy3PQnWSmAD8LONmwMDUQs4NXyYvWOsnRLWwCJtoIU-OijoIAo2NW-xBjwU-03IjU7qVwBathXsaDbLE-boCNJi4
Elegía de Ganímedes	Esta vez son los recuerdos de Jet los que salen a flote. Su antiguo trabajo en el ISSP y el nombre de la mujer con la que trabajaba: Alisa. A la que va a visitar a Ganímedes. Todo mezclado con una persecución y la nueva vida de esta mujer. 	1	10	https://www.blogger.com/video.g?token=AD6v5dwgep7GH4R6dLsQA992GOnJNu_MeassU0msqlF5Z5fieZSCP13GNjPi05zoS63hE_hfnHcQMMNcTYYibdI4ZqCSSATtikYV9-XsvgrJ7yjpJZYTHqFX7f5_juAZoapkRvjb2EgY
Los juguetes del desván	Este capítulo transcurre por entero dentro de la nave Bebop. Algo está enfermando a sus ocupantes y les deja unas extrañas marcas. Spike es el único que no está infectado y decide eliminar a lo que esté atacando a sus compañeros. 	1	11	https://www.blogger.com/video.g?token=AD6v5dz0mvyvABNozfR8K4yOnaU6GPgxKBx-uuuL13c1Dx7dDXBvn-ohjbwZucxes018c0TSvdun2-NO8cTlETys8Z9e4SXCiNAWTQNA0IDS0uF6RtrhknQpDum457-_aYNxuGMzYR3I
Jupiter Jazz (1)	Aparece de nuevo Vicius, al que sus jefes de la Orden del Dragón Rojo, mandan al planeta Calisto junto con Lin, antiguo discípulo de Spike. Por otra parte, Ed busca información y encuentra en Calisto a alguien llamada Julia, ante lo cual Spike también viaja rumbo al planeta. Faye, por su parte, ya está allí y ha conocido a alguien especial. 	1	12	https://www.blogger.com/video.g?token=AD6v5dx2UUmS35TG87ynLcOsskyi0buisita3RgqxZ7_e_zhPwrCKpcw3X3AVy80qiUnOpIJd_XaomyO2dIcXW8ZUmFOs1QJ_8rjPuwBC9GRIc9QZ7SUt3rCwa_qwawIzn1QpUuZ8Yo
Jupiter Jazz (2)	Es el segundo enfrentamiento de Spike con Vicius, pero esta vez Lin está por medio. Mientras, Glen, el hombre con el apodo de Julia, cuenta a Faye que sirvió con Vicius en un planeta llamado Titán y ahora es su contacto. Se conocen recuerdos de Spike una vez más, relacionados con Vicious y Julia. Spike tratará de impedir que Vicous huya de nuevo. 	1	13	https://www.blogger.com/video.g?token=AD6v5dxvY4e3xPSyJNrMVKiuJpur02fqjjQjDWFVlMpUx3x7Ox5DKsmdKNHTchXIwe2vh-OJsNGuLSxC6KomGYr7oHDsKV0C6xCa8qaR9w3NPHxi020OGfqxpqKaZL6khaBLFYMPkZ0
Rapsodia Bohemia	El Bebop tiene nuevamente problemas de dinero y un manual de cómo ser un buen ladrón está circulando por la red. Nadie sabe quién es el cerebro o cómo encontrarlo y lo único que tienen es una pieza de ajedrez, que Ed rastreará por la red. 	1	14	https://www.blogger.com/video.g?token=AD6v5dxEpaYM_C6Gy4hDNCYwfE3hiRi8vSFZUfczeGJsDakAnPwu8iBya5F4q785dzJmLbKGYrM25qm7Cn6eZ4_IMcpAHaepI3S82_TMBZzGXHKyN29xoM9Smcx2kGZ1AsXYFXc9xQ
Mi querida Valentine	Esta vez se cuenta el pasado de Faye y cómo llegó hasta ahora. Su memoria está dañada y no recuerda nada de todos los años de vida de antes de su hibernación. Pero, ¿por qué hibernó y con qué fin? 	1	15	https://www.blogger.com/video.g?token=AD6v5dz0Dc2m12t4hRxd2n_JuCZfw08i3WECwgW1EcisesD0W-Dj_PjPA00tILk0iSNqxapFDz5zStk1dG1NLPfIuiB8vUHKi0LfagGAC_JcRVDU2QZOJddGegZPPivlELs3wRbaXQSi
La serenata del perro negro	Yendo a la caza de un asesino, un antiguo compañero de Jet le pide ayuda. Se descubre cómo perdió el brazo Jet y por qué. 	1	16	https://www.blogger.com/video.g?token=AD6v5dzxBPa7hcVcIdsGnZ1YJzSegZJJU0opmNS8CwdGJX8_X7IAC-cOFk4svSdvIaBKi9LJxabwmdfamlsVJYPYTT48u0AEn9z0vV6NDgZ8__n_JAYBwexcy6hYe1AvC_Z2nB7s62ur
La samba de las setas	Ed y Ein deciden ir tras la pista de un traficante de setas y dan a probar a los tripulantes del Bebop dichas setas... con un pésimo resultado. 	1	17	https://www.blogger.com/video.g?token=AD6v5dx_La-W7sBwTqsd2jLApHLq7GYxEp2NMUYXh7XHw8dBvGm8HiEpezGgJPKoPJag5-KZf0tS9LokFXCqAjr6JbLIIwSYdaKM_lJNTrGzKQ61LsT3_B9UuIop-mxnefABJUL6ghI
Habla como un niño	Faye recibe un extraño paquete de remitente anónimo. Pero Ed les explica a los tripulantes del Bebop que solo puede verse con un vídeo en formato BETA, algo ya obsoleto en esos tiempos. Cuando Faye consigue ver el vídeo, no sabe qué hacer. 	1	18	https://www.blogger.com/video.g?token=AD6v5dyKazZ4aF8WOsZaSPWSaQ2MpQT545nioi2AyEkvO6SrmitOm84_sGfrjb-_Tb5PA7t8vQJQRMnHiZxhlrF_ex9B-CBV0tA71MvB2UgTlFRCXlloJMZNATzVrQAEhgMaaTSWaOOb
Caballos salvajes	Spike va a reparar su nave, el Swordfish II, dejando solos a los demás, que se enfrentan a unos peligrosos hackers y consiguen salir ilesos. Esta vez contarán con Spike y su nave reparada para conseguir darles captura. 	1	19	https://www.blogger.com/video.g?token=AD6v5dzH4gninEqKbI1VGnvqEqTCboaVy3hA4UBRbq4ZIivfGrq_b30KtMAgSaBwcBz7wwe4hn7NJJZvvDYxNTc6bvMkIAGWlOHIUEm96OcDoT_pihRlKt-6TCh0hgKr1too3mGt52Y
Pierrot el loco	Spike se enfrenta a un hombre extraño al que no le asusta nada y tiene una extraña capacidad para salir ileso de las situaciones peligrosas. ¿Podrá Spike salir indemne de este demente salido de un laboratorio? 	1	20	https://www.blogger.com/video.g?token=AD6v5dzorQjl1DWh_3vqppMbFLiMHAX2mchJYhrBXbFmgf7-YiC65Eaor1eSpstKF0AmLNd5SCTL_6RZfuVnd7UGM6r3ZmeYLmwfdznWqaRG8LULQbVDExDmgnM_lJ5W8d3wxkQGT94v
Boogie Woogie Feng Sui	Jet se dirige a ver a Pao, un antiguo amigo y descubre que ya está muerto. Pero su hija, una intérprete de la tabla del feng shui, le cuenta que antes de morir, su padre escondió un tesoro y la brújula les llevará allí. Aunque ellos dos no son los únicos que lo buscan. 	1	21	https://www.blogger.com/video.g?token=AD6v5dyVCj0D9k7SHNKvJdzVq2rpA-C7MDyxrtf0EoJPSlsQc5mmfKJ1EfWQ0KSXSby76haXY4TDicgK9_o9OU23ItYnOQrQGp0IG54lSuZ1u-B6_zhWtO_yFOPRpBWqhF4oUqjt6qc
Terror Cowboy	Spike consigue atrapar a su presa, un terrorista fabricante de explosivos, pero antes de que consiga entregarlo, un «cowboy de verdad», como se denomina él mismo, le corta el paso, confundiéndole a él con el terrorista. Después de esto, Spike se lo encontrará una y otra vez sin descanso. 	1	22	https://www.blogger.com/video.g?token=AD6v5dze9slToSwFDe6CrKjq6PXtUQo7HYXuNnlmsqaiIp4RZ1hpgI1nOTK0268sGuhxpuUKbSA9rC0r2ff4IA4ZlwLysEDMJ2nbylmPCByxUjvnWhb5KUtpOJGMS6Z0o-HWM38ytw-T
Arañazo cerebral	Una extraña secta de fanáticos está expandiéndose por todo el universo y ni siquiera Ed es capaz de encontrar a su cabecilla. Por esto, Faye se infiltra entre los sectarios, pero cae en sus garras. 	1	23	https://www.blogger.com/video.g?token=AD6v5dyfMmWXT4f8Ig2XHdvXzdezaQClY1kVf62cAmoTbZB6guv6x3B1Ai7_BaCXCcYmqzdpWjl1cIMRPu0OLYrnb7p6ypL5MqAwE4SqAwG4BH3J9UNdOjgDP8k7TLfb4wezcifi9aUI
El destino de la mujer es duro	Faye ve una vez más el vídeo que le mandaron y decide buscar el lugar desde donde se grabó, por lo que acaba por ir a la Tierra con Ed. La pequeña y Spike conocen al padre de Ed, que la dejó en un orfanato de la Tierra. 	1	24	https://www.blogger.com/video.g?token=AD6v5dwKTadmWhPDLaPiIsdNSO-McTD2-JWjdhbnb7fS8kyFpLPXVumfexgPe1CfyhNFeSajim4wxLOhBVnh6V-I9hRcs0WAEiIpkXaH9tXDGVYiNxjF2GIOZtCRbiiy2Lnv99_1_K6j
El verdadero blues de la gente (1)	Vicius trata de asesinar a los tres jefes del Dragón Rojo, pero la organización le tiende una trampa y lo detienen. Spike se encuentra con Shin, el hermano de Lin, quien le pide ayuda para liberar a Vicious porque se lo ha pedido Julia. Salen los recuerdos de Spike y la propia Julia, que conoce a Faye. Al fin se sabe la historia de Spike. 	1	25	https://www.blogger.com/video.g?token=AD6v5dyoSHHhVtrVwnYm_fGvgEh5iYSuSvZvASvd6w7fgl0dkrFMsNUXRjYeQ-yfqsvF6ahE4_0o_ahbhI_wEINdrHR1-IPdcTfuTP-ptCpy5DN9b-Fw7o0c7Sipi39jelh0Ajl3Dsfi
El verdadero blues de la gente (2)	Faye ha ido a por sus recuerdos, Ed se fue en busca de su padre y se llevó a Ein. Spike se dirige al último enfrentamiento con Vicious, ahora líder del Dragón Rojo. Por otro lado, Jet está solo en su nave, como al comienzo de todo. 	1	26	https://www.blogger.com/video.g?token=AD6v5dx3x3aAPRtbXi__Ys72l6U09AU5A6O0Iy7rEMlUUxtyBdNdKdJBK5hYwcdkq-A7nLb5qCsdVHR9C9__6Saa0eRSheFDhhEVccIpfKPUM7jFQjAhr2aElUgIt-6mlZeOXxtrU1s